Type,Category,Source,Material,Subproduct,Usage,
Organic,Fruit,Apple,Apple cores,Vinegar,Food preservation,
Organic,Fruit,Apple,Apple cores,Vinegar,Salad dressing,
Organic,Fruit,Apple,Apple cores,Pectin,Thickening agent,
Organic,Fruit,Banana,Banana peels,Bioethanol,Fuel for vehicles,
Mechanical,Glass,Windows,Broken glass,Glass powder,Abrasives,
Organic,Fruit,Banana,Banana peels,Compost,Soil amendment,
Organic,Fruit,Orange,Orange peels,Essential oils,Aromatherapy,
Organic,Fruit,Orange,Orange peels,Essential oils,Fragrance,
Organic ,Beverage ,Coffee,Coffee Grounds,Caffeine ,Cosmetics ,
Organic ,Dairy ,Cheese,Whey,Lactose ,Pharmaceutical industries ,
Mechanical,Plastic,PET,PET bottles,Recycled PET (rPET) flakes,New bottles,
Mechanical,Plastic,HDPE,HDPE bottles,Recycled HDPE (rHDPE),New bottles,
Mechanical,Paper,Paper,Cardboard boxes,Recycled cardboard,Packaging material,
Organic,Food,Mixed,Fruit and vegetable scraps,Compost,Soil amendment,
Mechanical,Glass,Bottles,Glass bottles,Recycled glass cullet,New glass containers,
Mechanical,Textile,Used Clothes ,Cotton fabric scraps,Recycled cotton fibers,New textiles,
Mechanical,Metal,Aluminum,Aluminum cans,Recycled aluminum,New cans,
Mechanical,Electronics,Smartphones,Old smartphones,Refurbished smartphones,Resale,
Mechanical,Rubber,Tires,Tires,Recycled rubber,New tires,
Organic,Biomass,Wood,Wood waste,Biomass pellets,Heating fuel,
Mechanical,Electronics,Computers,Old computers,Recycled plastic,New plastic products,
Mechanical,Paper,Paper,Newspaper,Recycled paper pulp,New paper products,
Mechanical,Metal,Copper,Copper wires,Recycled copper,New wires,
Mechanical,Textile,Used Clothes ,Wool fabric scraps,Recycled wool fibers,New textiles,
Organic,Biomass,Algae,Algae biomass,Algal protein,Animal feed,
Mechanical,Rubber,Bands,Rubber bands,Recycled rubber,New rubber products,
Organic,Biomass,Leaves,Leaves,Mulch,Soil moisture retention,
Organic,Vegetable,Beet,Beet Pulp,Beet Pulp Pellets,Animal feed,
Organic,Fruit,Grapes,Grape stems,Resveratrol,Skincare ingredient,
Organic,Vegetable,Onion,Onion skins,Natural dye,Textile dyeing,
Mechanical,Plastic,Polypropylene,Polypropylene,Recycled PP (rPP),New containers,
Mechanical,Metal,Steel,Steel cans,Recycled steel,New steel products,
Organic,Biomass,Sawdust,Sawdust,Wood pellets,Biomass fuel,
Organic,Food,Coffee,Coffee grounds,Bioplastics,Biodegradable packaging,
Mechanical,Glass,Windows,Glass windows,Recycled glass cullet,New glass products,
Mechanical,Textile,Silk,Silk fabric scraps,Recycled silk fibers,New textiles,
Mechanical,Electronics,Monitors,Old monitors,Refurbished monitors,Resale,
Mechanical,Rubber,Shoes,Rubber shoe soles,Recycled rubber,New shoe products,
Organic,Biomass,Hay,Hay bales,Biomass bricks,Heating fuel,
Organic,Vegetable,Corn,Corn husks,Animal bedding,Livestock bedding,
Mechanical,Plastic,PVC,PVC pipes,Recycled PVC (rPVC),New pipes,
Mechanical,Metal,Copper,Copper pipes,Recycled copper,New plumbing fixtures,
Organic,Fruit,Mango,Mango pits,Mango seed oil,Cosmetic ingredient,
Organic,Grains,Rice,Rice Husks,Rice Bran,Animal feed,
Organic,Animal,Meat,Meat Trimmings,Pet food,Animal feed,
Organic,Biomass,Sawdust,Sawdust,Wood pellets,Biomass fuel,
Organic,Biomass,Sawdust,Sawdust,Wood pellets,Heating fuel,
Mechanical,Glass,Windows,Glass windows,Recycled glass cullet,New glass products,
Mechanical,Textile,Silk,Silk fabric scraps,Recycled silk fibers,New textiles,
Mechanical,Electronics,Monitors,Old monitors,Refurbished monitors,Resale,
Mechanical,Rubber,Shoes,Rubber shoe soles,Recycled rubber,New shoe products,
Organic,Biomass,Hay,Hay bales,Biomass bricks,Heating fuel,
Organic,Vegetable,Corn,Corn husks,Animal bedding,Livestock bedding,
Organic,Fruit,Mango,Mango pits,Mango seed oil,Cosmetic ingredient,
Organic,Vegetable,Celery,Celery leaves,Celery leaf tea,Beverage,
Mechanical,Metal,Copper,Copper pipes,Recycled copper,New plumbing fixtures,
Mechanical,Metal,Copper,Copper wires,Recycled copper,New electrical wiring,
Organic,Fruit,Avocado,Avocado pits,Avocado pit tea,Beverage,
Organic,Vegetable,Beet,Beet greens,Beet green extract,Natural food coloring,
Organic,Vegetable,Beet,Beet peels,Beet peel chips,Snack,
Organic,Vegetable,Beet,Beet peels,Beet peel essence,Aromatherapy,
Mechanical,Plastic,PP,Polypropylene containers,Recycled PP (rPP),New containers,
Mechanical,Plastic,PP,Polypropylene containers,Polypropylene pellets,Plastic lumber,
Organic,Fruit,Guava,Guava peels,Guava peel tea,Beverage,
Organic,Fruit,Mango,Mango seeds,Mango seed flour,Baking,
Organic,Fruit,Persimmon,Persimmon leaves,Persimmon leaf tea,Beverage,
Organic,Fruit,Mango,Mango peels,Mango peel fertilizer,Plant nutrient,
Mechanical,Glass,Windows,Broken glass,Glass cullet,New glass products,
Organic,Fruit,Pomegranate,Pomegranate peels,Pomegranate peel tea,Beverage,
Organic,Biomass,Sawdust,Sawdust,Sawdust briquettes,Heating fuel,
Organic,Biomass,Sawdust,Sawdust,Sawdust mulch,Soil moisture retention,
Organic,Biomass,Sawdust,Sawdust pellets,Animal bedding,Livestock comfort,
Mechanical,Textile,Silk,Silk fibers,Recycled silk fibers,New textiles,
Mechanical,Textile,Silk,Silk fibers,Silk thread,Embroidery,
Mechanical,Textile,Silk,Silk fabric scraps,Silk quilt batting,Quilting,
Organic,Vegetable,Pumpkin,Pumpkin seeds,Pumpkin seed oil,Cooking oil,
Organic,Vegetable,Pumpkin,Pumpkin seeds,Pumpkin seed flour,Baking,
Organic,Vegetable,Pumpkin,Pumpkin peels,Pumpkin peel chips,Snack,
Organic,Vegetable,Pumpkin,Pumpkin peels,Pumpkin peel powder,Natural dye,
Organic,Fruit,Pineapple,Pineapple cores,Bromelain extract,Digestive enzyme,
Organic,Fruit,Pineapple,Pineapple cores,Pineapple vinegar,Salad dressing,
Organic,Fruit,Pineapple,Pineapple leaves,Pineapple leaf fiber,Textiles,
Organic,Fruit,Pineapple,Pineapple leaves,Pineapple leaf extract,Herbal medicine,
Mechanical,Plastic,PVC,PVC pipes,Recycled PVC (rPVC),New pipes,
Mechanical,Plastic,PVC,PVC pipes,PVC granules,Vinyl flooring,
Organic,Vegetable,Carrot,Carrot tops,Carrot top pesto,Culinary,
Organic,Vegetable,Carrot,Carrot tops,Carrot top broth,Soup base,
Organic,Vegetable,Carrot,Carrot peels,Carrot peel powder,Food coloring,
Organic,Vegetable,Carrot,Carrot peels,Carrot peel essence,Aromatherapy,
Mechanical,Paper,Cardboard,Cardboard boxes,Recycled cardboard,Packaging material,
Mechanical,Paper,Cardboard,Cardboard boxes,Cardboard pulp,New paper products,
Mechanical,Paper,Cardboard,Paper scraps,Recycled paper pulp,New paper products,
Mechanical,Paper,Cardboard,Paper scraps,Paper pellets,Animal bedding,
Organic,Biomass,Algae,Algae biomass,Algal oil,Biofuel,
Organic,Vegetable,Kale,Kale stems,Kale stem smoothie,Beverage,
Organic,Biomass,Algae,Algae shells,Calcium carbonate,Fertilizer,
Mechanical,Metal,Copper,Copper wires,Recycled copper,"New wires, electrical components",
Mechanical,Metal,Copper,Copper pipes,Copper tubing,Plumbing,
Mechanical,Metal,Copper,Copper pipes,Copper sheet,Roofing material,
Organic,Vegetable,Artichoke,Artichoke leaves,Artichoke leaf tea,Beverage,
Organic,Fruit,Pineapple,Pineapple cores,Pineapple core juice,Beverage,
Organic,Vegetable,Beet,Beet greens,Beet green smoothie,Beverage,
Organic,Fruit,Avocado,Avocado peels,Avocado peel fertilizer,Plant nutrient,
Mechanical,Plastic,Plastic Packaging Waste,Plastic Caps,Recycled PET (rPET),New Bottles,
Mechanical,Plastic,Plastic Packaging Waste,Plastic Caps,Recycled HDPE (rHDPE),New Bottles,
Mechanical,Plastic,Plastic Packaging Waste,Plastic Wrappers,Recycled LDPE (rLDPE),Plastic Bags,
Mechanical,Plastic,Plastic Packaging Waste,Plastic Wrappers,Recycled PP (rPP),New Packaging,
Organic,Vegetable,Olive,Olive Pomace,Olive Oil,Cooking,
Organic,Vegetable,Tomato,Tomato vines,Tomato vine tea,Beverage,
Mechanical,Metal,Automotive,Automotive Scrap,Aluminum Cans,Recycled Aluminum,
Mechanical,Metal,Automotive,Automotive Scrap,Steel Scrap,Recycled Steel,
Organic,Vegetable,Potato,Potato Peels,Potato Peel Powder,Food Coloring,
Organic,Vegetable,Spinach,Spinach stalks,Spinach stalk smoothie,Beverage,
Mechanical,Metal,Scrap Copper Wire,Copper Wire,Recycled Copper,New Wires,
Mechanical,Metal,Scrap Copper Wire,Copper Wire,Copper Granules,Metal Fabrication,
Organic,Fruit,Mango,Mango Seeds,Mango Seed Oil,Skin Care,
Organic,Fruit,Mango,Mango Seeds,Mango Seed Powder,Dietary Fiber,
Mechanical,Plastic,Plastic Bottle Waste,Plastic Caps,Recycled Plastic, Plastic Products,
Mechanical,Plastic,Plastic Bottle Waste,Plastic Caps,Plastic Granules,Plastic Manufacturing,
Organic,Fruit,Coffee,Coffee Grounds,Coffee Ground Powder,Fertilizer,
Organic,Fruit,Mango,Mango peels,Mango peel tea,Beverage,
Organic,Vegetable,Tomato,Tomato Skins,Tomato Skin Powder,Food Coloring,
Organic,Fruit,Avocado,Avocado peels,Avocado peel tea,Beverage,
Organic,Vegetable,Tomato,Tomato Pulp,Tomato Pulp Extract,Sauce Base,
Organic,Vegetable,Tomato,Tomato Pulp,Tomato Pulp Fiber,Dietary Fiber,
Organic,Vegetable,Tomato,Tomato Seeds,Tomato Seed Oil,Cooking Oil,
Organic,Vegetable,Tomato,Tomato Seeds,Tomato Seed Flour,Baking Ingredient,
Organic,Vegetable,Tomato,Tomato Juice,Tomato Juice Concentrate,Beverage,
Organic,Vegetable,Tomato,Tomato Juice,Tomato Juice Powder,Instant Drink Mix,
Organic,Vegetable,Tomato,Tomato Juice,Tomato Pulp Extract,Sauce Base,
Organic,Vegetable,Tomato,Tomato Leaves,Tomato Leaf Extract,Natural Insect Repellent,
Organic,Vegetable,Lettuce,Lettuce Trimmings,Lettuce Leaf Extract,Dietary Fiber,
Organic,Vegetable,Lettuce,Lettuce Trimmings,Compost,Soil Amendment,
Mechanical,Paper,Newspapers,Newspaper Waste,Paper Pulp,New Paper Products,
Mechanical,Metal,Steel,Steel Cans,Steel Can Waste,New Steel Products,
Organic,Vegetable,Broccoli,Broccoli Stems,Broccoli Stem Soup,Culinary,
Organic,Vegetable,Broccoli,Broccoli Stems,Compost,Soil Amendment,
Mechanical,Plastic,Plastic Straw Waste,Plastic Straws,Recycled Plastic,New Straws,
Organic,Fruit,Grape,Grape Pomace,Grape Seed Oil,Cooking Oil,
Organic,Vegetable,Celery,Celery Trimmings,Celery Juice,Beverage,
Organic,Fruit,Banana,Banana Peels,Banana Peel Tea,Beverage,
Organic,Vegetable,Celery,Celery Trimmings,Celery Trimming Powder,Seasoning,
Mechanical,Glass,Glass Bottle Waste,Glass Bottles,Recycled Glass Cullet,New Glass Containers,
Organic,Vegetable,Celery,Celery Trimmings,Celery Juice,Beverage,
Organic,Vegetable,Cucumber,Cucumber Peels,Cucumber Peel Powder,Food Coloring,
Mechanical,Metal,Tin,Tin Cans,Recycled Tin,New Tin Products,
Organic,Vegetable,Artichoke,Artichoke stems,Biomaterial,Bioplastic,
Organic,Vegetable,Spinach,Spinach Stalks,Compost,Soil Amendment,
Mechanical,Plastic,Plastic Bottle Waste,Plastic Bottles,Recycled Plastic,New Bottles,
Organic,Fruit,Orange,Orange Peels,Orange Peel Powder,,
Organic,Fruit,Orange,Orange Peels,Orange Peel Powder,Food coloring,
Organic,Seafood,Shellfish,Shellfish shells,Chitin,Bioplastic,
Organic,Fruit,Orange,Orange peels,Citrus cleaner,Cleanser,
Organic,Fruit,Orange,Orange Peels,Orange Peel Extract,Herbal medicine,
Organic,Fruit,Lemon,Lemon Peels,Lemon Peel Powder,Cleanser,
Organic,Fruit,Apple,Apple Cores,Apple Seed Oil,Cooking,
Organic,Fruit,Mango,Mango pits,Mango pit scrub,Cleanser,
Organic,Fruit,Apple,Apple Cores,Apple Peel Extract,Natural dye,
Organic,Vegetable,Cucumber,Cucumber peels,Cucumber peel face mask,Cleanser,
Organic,Fruit,Banana,Banana Peels,Banana Peel Tea,Natural remedy,
Organic,Fruit,Banana,Banana Peels,Banana Peel Powder,Dietary fiber,
Organic,Fruit,Banana,Banana Peels,Banana Peel Powder,Baking ingredient,
Organic,Herbal,Tea,Tea Bags,Used tea leaves,Compost,
Organic,Fruit,Mango,Mango Seeds,Mango Seed Oil,Cooking,
Organic,Dairy,Whey,Biomass,Biomass,Compost,
Organic,Grains,Rice,Rice Husks,Rice Husk Ash,Construction,
Organic,Fruit,Pineapple,Pineapple Cores,Bromelain Extract,Digestive enzyme,
Organic,Fruit,Pineapple,Pineapple Cores,Bromelain Extract,Meat tenderizer,
Organic,Fruit,Pineapple,Pineapple Cores,Pineapple Vinegar,Salad dressing,
Organic,Fruit,Pineapple,Pineapple Cores,Pineapple Vinegar,Marinade,
Organic,Vegetable,Potato,Potato Peels,Potato Peel Powder,Food coloring,
Organic,Vegetable,Squash,Squash seeds,Squash seed oil,Cosmetics,
Organic,Fruit,Orange,Orange Peels,Orange Peel Powder,Cosmetics,
Organic,Vegetable,Potato,Potato Peels,Potato Peel Extract,Herbal medicine,
Organic,Vegetable,Carrot,Carrot Tops,Carrot Top Pesto,Culinary,
Organic,Vegetable,Carrot,Carrot Tops,Carrot Top Pesto,Sauce,
Organic,Vegetable,Carrot,Carrot Tops,Carrot Top Broth,Soup base,
Organic,Vegetable,Carrot,Carrot Tops,Carrot Top Broth,Vegetable stock,
Organic,Vegetable,Onion,Onion Skins,Onion Skin Extract,Natural dye,
Organic,Vegetable,Onion,Onion Skins,Onion Skin Extract,Herbal medicine,
Organic,Fruit,Mango,Mango Seeds,Mango Seed Extract,Cosmetics,
Organic,Vegetable,Potato,Potato Peels,Potato Peel Powder,Cosmetics,
Organic,Fruit,Orange,Orange Peels,Orange Peel Powder,Cosmetics,
Organic,Fruit,Kiwi,Kiwi Skins,Kiwi Skin Powder,Cosmetics,
Organic,Vegetable,Celery,Celery Trimmings,Celery Extract,Natural remedy,
Organic,Fruit,Lychee,Lychee Skins,Lychee Skin Powder,Cosmetics,
Organic,Biomass,Rice,Rice Husks,Rice Husk Ash,Insulation material,
Organic,Biomass,Rice,Rice Husks,Rice Husk Ash,Soil amendment,
Organic,Biomass,Rice,Rice Husks,Rice Husk Pellets,Fuel,
Organic,Biomass,Rice,Rice Husks,Rice Husk Pellets,Animal bedding,
Organic,Biomass,Corn,Corn Husks,Corn Husk Fiber,Papermaking,
Organic,Biomass,Corn,Corn Husks,Corn Husk Fiber,Packaging material,
Organic,Biomass,Corn,Corn Husks,Corn Husk Mulch,Soil erosion control,
Organic,Biomass,Corn,Corn Husks,Corn Husk Mulch,Garden bedding,
Organic,Biomass,Wheat,Wheat Straw,Wheat Straw Mulch,Soil moisture retention,
Organic,Biomass,Wheat,Wheat Straw,Wheat Straw Mulch,Animal bedding,
Organic,Biomass,Wheat,Wheat Straw,Wheat Straw Briquettes,Biomass fuel,
Organic,Biomass,Wheat,Wheat Straw,Wheat Straw Briquettes,Cooking fuel,
Mechanical,Plastic,Plastic Packaging Waste,PET Bottles,Recycled PET Flakes,New bottles,
Mechanical,Plastic,Plastic Packaging Waste,PET Bottles,Recycled PET Flakes,Polyester fabric,
Mechanical,Plastic,Plastic Packaging Waste,PVC Pipes,Recycled PVC,New pipes,
Organic,Vegetable,Corn,Corn Husks,Corn Husk Fiber,Crafts,
Mechanical,Plastic,Plastic Packaging Waste,Plastic Bags,Recycled Plastic,New bags,
Mechanical,Plastic,Plastic Packaging Waste,Plastic Bags,Recycled Plastic,Plastic products,
Mechanical,Plastic,Plastic Packaging Waste,Plastic Bags,Plastic Pellets,Injection molding,
Mechanical,Metal,Metal Packaging Waste,Aluminum Cans,Recycled Aluminum,New cans,
Mechanical,Metal,Metal Packaging Waste,Aluminum Cans,Recycled Aluminum,Automotive parts,
Mechanical,Metal,Metal Packaging Waste,Steel Cans,Recycled Steel,New steel products,
Mechanical,Metal,Metal Packaging Waste,Steel Cans,Recycled Steel,Construction,
Mechanical,Metal,Metal Packaging Waste,Tin Cans,Recycled Tin,New tin products,
Mechanical,Metal,Metal Packaging Waste,Tin Cans,Recycled Tin,Metal fabrication,
Organic,Vegetable,Beet,Beet Pulp,Beet Pulp Extract,Food coloring,
Organic,Vegetable,Beet,Beet Pulp,Beet Pulp Extract,Natural sweetener,
Organic,Vegetable,Asparagus,Asparagus Stems,Asparagus Stem Fiber,Crafts,
Organic,Vegetable,Beet,Beet Pulp,Beet Pulp Pellets,Fuel pellets,
Organic,Vegetable,Artichoke,Artichoke leaves,Artichoke extract,Dietary supplement,
Organic,Fruit,Avocado,Avocado seeds,Avocado seed powder,Dietary supplement,
Organic,Vegetable,Cucumber,Cucumber Peels,Cucumber Peel Powder,Food coloring,
Organic,Vegetable,Cucumber,Cucumber Peels,Cucumber Peel Powder,Natural remedy,
Organic,Biomass,Coconut,Coconut Shells,Coconut Shell Charcoal,Water filtration,
Organic,Biomass,Coconut,Coconut Shells,Coconut Shell Charcoal,Barbecue fuel,
Organic,Biomass,Coconut,Coconut Shells,Coconut Coir,Horticulture,
Organic,Vegetable,Olive,Olive Pomace,Olive Leaf Extract,Dietary Supplement,
Organic,Grains,Rice,Rice Husks,Rice Husk Ash,Soil amendment,
Organic,Vegetable,Tomato,Tomato Skins,Lycopene Extract,Dietary Supplement,
Organic,Grains,Rice,Rice Husks,Rice Bran,Food processing,
Organic,Vegetable,Onion,Onion Peels,Onion Peel Powder,Culinary seasoning,
Organic,Vegetable,Onion,Onion Peels,Onion Peel Powder,Natural dye,
Organic,Vegetable,Celery,Celery Trimmings,Celery Juice,Dietary supplement,
Organic,Vegetable,Onion,Onion Peels,Onion Peel Extract,Natural dye,
Organic,Vegetable,Bell Pepper,Bell Pepper Seeds,Bell Pepper Seed Oil,Cooking oil,
Organic,Vegetable,Cucumber,Cucumber Peels,Cucumber Peel Extract,Dietary supplement,
Organic,Fruit,Pineapple,Pineapple Cores,Pineapple Core Powder,Dietary supplement,
Organic,Vegetable,Bell Pepper,Bell Pepper Seeds,Bell Pepper Seed Extract,Herbal remedy,
Organic,Fruit,Orange,Orange Peels,Orange Peel Powder,Natural cleaner,
Organic,Vegetable,Asparagus,Asparagus Stems,Asparagus Stem Extract,Dietary supplement,
Organic,Fruit,Orange,Orange Peels,Orange Peel Extract,Aromatherapy,
Organic,Fruit,Papaya,Papaya Seeds,Papaya Seed Powder,Dietary supplement,
Organic,Vegetable,Corn,Corn Husks,Corn Husk Fiber,Packaging material,
Organic,Grains,Barley,Barley Husks,Barley Husk Extract,Dietary supplement,
Organic,Vegetable,Broccoli,Broccoli Stalks,Broccoli Stalk Extract,Dietary supplement,
Organic,Vegetable,Zucchini,Zucchini Seeds,Zucchini Seed Oil,Dietary supplement,
Organic,Vegetable,Spinach,Spinach Leaves,Spinach Leaf Extract,Natural dye,
Organic,Vegetable,Spinach,Spinach Leaves,Spinach Leaf Extract,Herbal medicine,
Organic,Vegetable,Spinach,Spinach Leaves,Spinach Leaf Powder,Food seasoning,
Organic,Vegetable,Brussels Sprouts,Brussels Sprouts Leaves,Brussels Sprouts Leaf Extract,Dietary supplement,
Organic,Vegetable,Sweet Potato,Sweet Potato Peels,Sweet Potato Peel Powder,Dietary fiber,
Organic,Vegetable,Sweet Potato,Sweet Potato Peels,Sweet Potato Peel Powder,Food coloring,
Organic,Fruit,Guava,Guava Seeds,Guava Seed Extract,Dietary supplement,
Organic,Vegetable,Sweet Potato,Sweet Potato Peels,Sweet Potato Peel Extract,Culinary,
Organic,Vegetable,Collard Green,Collard Green Stems,Collard Green Stem Extract,Dietary supplement,
Organic,Fruit,Mango,Mango Seeds,Mango Seed Butter,Hair care,
Organic,Fruit,Mango,Mango Seeds,Mango Seed Oil,Cooking oil,
Organic,Vegetable,Beetroot,Beetroot Stems,Beetroot Stem Extract,Dietary supplement,
Organic,Fruit,Pineapple,Pineapple Cores,Bromelain Extract,Digestive enzyme,
Organic,Fruit,Pineapple,Pineapple Cores,Bromelain Extract,Meat tenderizer,
Organic,Vegetable,Kale,Kale Leaves,Kale Leaf Extract,Dietary supplement,
Organic,Fruit,Pineapple,Pineapple Cores,Pineapple Core Powder,Food seasoning,
Organic,Vegetable,Asparagus,Asparagus Stems,Asparagus Stem Fiber,Textiles,
Organic,Fruit,Pomegranate,Pomegranate peels,Pomegranate peel powder,Dietary supplement,
Organic,Animal,Fish,Fish Scraps,Fish oil,Dietary supplement,
Organic,Vegetable,Asparagus,Asparagus Stems,Asparagus Stem Extract,Natural dye,
Organic,Fruit,Papaya,Papaya Seeds,Papaya Seed Oil,Cooking oil,
Organic,Fruit,Orange,Orange Peels,Orange Peel Extract,Dietary supplement,
Organic,Vegetable,Potato,Potato peels,Biogas,Energy,
Organic,Vegetable,Squash,Squash seeds,Biofuel,Energy,
Organic,Vegetable,Artichoke,Artichoke Leaves,Artichoke Leaf Extract,Digestive aid,
Organic,Vegetable,Artichoke,Artichoke Leaves,Artichoke Leaf Extract,Herbal remedy,
Organic,Vegetable,Artichoke,Artichoke Leaves,Artichoke Leaf Powder,Culinary,
Organic,Vegetable,Artichoke,Artichoke Leaves,Artichoke Leaf Powder,Food seasoning,
Organic,Grains,Barley,Barley Husks,Barley Husk Mulch,Soil amendment,
Organic,Grains,Barley,Barley Husks,Barley Husk Mulch,Gardening,
Organic,Fruit,Banana,Banana peels,Bioethanol,Energy,
Organic,Biomass,Algae,Algae biomass,Biofuel,Energy,
Organic,Fruit,Kiwi,Kiwi Skins,Kiwi Skin Extract,Natural dye,
Organic,Biomass,Algae,Algae biomass,Biofuel,Energy,
Organic,Vegetable,Onion,Onion Skins,Onion Skin Powder,Flavoring,
Organic,Vegetable,Celery,Celery Trimmings,Celery Extract,Flavoring,
Organic,Vegetable,Broccoli,Broccoli Stalks,Broccoli Stalk Fiber,Textiles,
Organic,Vegetable,Broccoli,Broccoli Stalks,Broccoli Stalk Fiber,Papermaking,
Organic,Vegetable,Squash,Squash seeds,Roasted snack,Food,
Organic,Vegetable,Broccoli,Broccoli Stalks,Broccoli Stalk Extract,Natural dye,
Organic,Vegetable,Zucchini,Zucchini Seeds,Zucchini Seed Oil,Cooking oil,
Organic,Fruit,Papaya,Papaya seeds,Edible seeds,Food,
Organic,Fruit,Coffee,Coffee Grounds,Coffee Extract,Flavoring,
Organic,Vegetable,Zucchini,Zucchini Seeds,Zucchini Seed Extract,Hair care,
Organic,Vegetable,Brussels Sprouts,Brussels Sprouts Leaves,Brussels Sprouts Leaf Powder,Food seasoning,
Organic,Vegetable,Onion,Onion Peels,Onion Peel Extract,Flavoring,
Organic,Fruit,Orange,Orange Peels,Orange Peel Extract,Flavoring,
Organic,Vegetable,Brussels Sprouts,Brussels Sprouts Leaves,Brussels Sprouts Leaf Extract,Natural dye,
Organic,Fruit,Kiwi,Kiwi Skins,Kiwi Skin Powder,Flavoring,
Organic,Fruit,Guava,Guava Seeds,Guava Seed Oil,Hair care,
Organic,Fruit,Guava,Guava Seeds,Guava Seed Extract,Flavoring,
Organic,Fruit,Lychee,Lychee Skins,Lychee Skin Powder,Flavoring,
Organic,Vegetable,Turnip,Turnip Tops,Turnip Top Extract,Herbal remedy,
Organic,Vegetable,Turnip,Turnip Tops,Turnip Top Extract,Culinary,
Organic,Vegetable,Turnip,Turnip Tops,Turnip Top Powder,Food seasoning,
Organic,Vegetable,Turnip,Turnip Tops,Turnip Top Powder,Natural dye,
Organic,Fruit,Peach,Peach Skins,Peach Skin Powder,Flavoring,
Organic,Fruit,Grapes,Grape stems,Resveratrol,Nutritional supplement,
Organic,Vegetable,Beet,Beet greens,Beet green powder,Nutritional supplement,
Organic,Fruit,Lychee,Lychee Skins,Lychee Skin Extract,Hair care,
Organic,Vegetable,Collard Green,Collard Green Stems,Collard Green Stem Fiber,Textiles,
Organic,Vegetable,Collard Green,Collard Green Stems,Collard Green Stem Fiber,Papermaking,
Organic,Fruit,Grape,Grape Pomace,Grape Pomace Extract,Nutritional Supplement,
Organic,Vegetable,Collard Green,Collard Green Stems,Collard Green Stem Extract,Natural dye,
Organic,Vegetable,Swiss Chard,Swiss Chard Stems,Swiss Chard Stem Extract,Antioxidant supplement,
Organic,Vegetable,Swiss Chard,Swiss Chard Stems,Swiss Chard Stem Extract,Natural dye,
Organic,Fruit,Grapefruit,Grapefruit Rinds,Grapefruit Rind Oil,Aromatherapy,
Organic,Fruit,Grapefruit,Grapefruit Rinds,Grapefruit Rind Oil,Cooking oil,
Organic,Vegetable,Radish,Radish Roots,Radish Root Powder,Natural dye,
Organic,Vegetable,Radish,Radish Roots,Radish Root Extract,Herbal medicine,
Organic,Fruit,Watermelon,Watermelon Rinds,Watermelon Rind Jam,Spread,
Organic,Fruit,Watermelon,Watermelon Rinds,Watermelon Rind Pickle,Preservative,
Organic,Vegetable,Spinach,Spinach Stalks,Spinach Stalk Extract,Nutritional Supplement,
Organic,Vegetable,Pumpkin,Pumpkin Seeds,Pumpkin Seed Butter,Cooking oil,
Organic,Vegetable,Cucumber,Cucumber Seeds,Cucumber Seed Oil,Hair care,
Organic,Vegetable,Cucumber,Cucumber Seeds,Cucumber Seed Oil,Cooking oil,
Organic,Vegetable,Bell Pepper,Bell Pepper Seeds,Bell Pepper Seed Extract,Nutritional supplement,
Organic,Fruit,Lemon,Lemon Peels,Lemon Peel Powder,Food seasoning,
Organic,Vegetable,Beetroot,Beetroot Stems,Beetroot Stem Fiber,Textiles,
Organic,Vegetable,Beetroot,Beetroot Stems,Beetroot Stem Fiber,Papermaking,
Organic,Grains,Wheat,Wheat Bran,Wheat Bran Oil,Nutritional supplement,
Organic,Vegetable,Beetroot,Beetroot Stems,Beetroot Stem Extract,Natural dye,
Organic,Vegetable,Spinach,Spinach Leaves,Spinach Leaf Powder,Nutritional supplement,
Organic,Vegetable,Sweet Potato,Sweet Potato Peels,Sweet Potato Peel Extract,Nutritional supplement,
Organic,Fruit,Plum,Plum Pits,Plum Pit Oil,Cooking oil,
Organic,Fruit,Mango,Mango Seeds,Mango Seed Oil,Nutritional supplement,
Organic,Vegetable,Tomato,Tomato Leaves,Tomato Leaf Powder,Natural insect repellent,
Organic,Vegetable,Tomato,Tomato Leaves,Tomato Leaf Powder,Natural dye,
Organic,Vegetable,Celery,Celery Roots,Celery Root Extract,Herbal medicine,
Organic,Vegetable,Celery,Celery Roots,Celery Root Extract,Cooking seasoning,
Organic,Vegetable,Kale,Kale Leaves,Kale Leaf Powder,Food seasoning,
Organic,Fruit,Papaya,Papaya Seeds,Papaya Seed Powder,Nutritional supplement,
Organic,Dairy,Whey,Protein powder,Protein powder,Sports nutrition,
Organic,Dairy,Whey,Protein powder,Protein powder,Food additives,
Organic,Dairy,Whey,Lactose,Lactose,Food sweetener,
Organic,Dairy,Whey,Lactose,Lactose,Fermentation substrate,
Organic,Dairy,Whey,Biomass,Biomass,Anaerobic digestion,
Organic,Grains,Barley,Barley Husks,Barley Husk Extract,Nutritional supplement,
Organic,Seafood,Shellfish,Shellfish shells,Calcium carbonate,Agriculture,
Organic,Seafood,Shellfish,Shellfish shells,Calcium carbonate,Construction,
Organic,Vegetable,Brussels Sprouts,Brussels Sprouts Leaves,Brussels Sprouts Leaf Powder,Nutritional supplement,
Organic,Seafood,Shellfish,Shellfish shells,Chitin,Biomedical applications,
Organic,Seafood,Shellfish,Shellfish shells,Fertilizer,Soil amendment,
Organic,Seafood,Shellfish,Shellfish shells,Fertilizer,Plant growth,
Mechanic,Rubber,Used tires,Rubber crumb,Rubber crumb,Sports surfaces,
Mechanic,Rubber,Used tires,Rubber crumb,Rubber crumb,Playground surfaces,
Organic,Vegetable,Potato,Potato Peels,Potato Peel Extract,Nutritional supplement,
Mechanic,Rubber,Used tires,Tire-derived fuel,Tire-derived fuel,Cement kilns,
Mechanic,Rubber,Used tires,Tire-derived oil,Tire-derived oil,Industrial lubricants,
Mechanic,Rubber,Used tires,Tire-derived oil,Tire-derived oil,Asphalt binder,
Mechanic,Glass,Tempered glass,Glass shards,Glass shards,Glass manufacturing,
Organic,Fruit,Apple,Apple Cores,Apple Peel Extract,Nutritional supplement,
Mechanic,Glass,Tempered glass,Recycled glass,Recycled glass,Glass recycling,
Mechanic,Glass,Tempered glass,Recycled glass,Recycled glass,Construction,
Mechanic,Glass,Tempered glass,Glass cullet,Glass cullet,Insulation,
Mechanic,Glass,Tempered glass,Glass cullet,Glass cullet,Filtration,
Mechanic,Metal,Used car parts,Recycled steel,Recycled steel,Metal recycling,
Mechanic,Metal,Used car parts,Recycled steel,Recycled steel,Manufacturing,
Mechanic,Metal,Used car parts,Ferrous scrap,Ferrous scrap,Steel production,
Mechanic,Metal,Used car parts,Ferrous scrap,Ferrous scrap,Construction,
Mechanic,Metal,Used car parts,Non-ferrous metals,Non-ferrous metals,Metal recycling,
Mechanic,Metal,Used car parts,Non-ferrous metals,Non-ferrous metals,Alloy production,
Mechanic,Plastic,Packaging materials,Plastic packaging,Plastic pellets,Manufacturing feedstock,
Mechanic,Plastic,Packaging materials,Plastic packaging,Plastic pellets,Recycling,
Mechanic,Plastic,Packaging materials,Plastic packaging,Plastic film,Packaging,
Mechanic,Plastic,Packaging materials,Plastic packaging,Plastic film,Construction,
Mechanic,Plastic,Packaging materials,Plastic packaging,Plastic fibers,Textile production,
Mechanic,Plastic,Packaging materials,Plastic packaging,Plastic fibers,Insulation,
Mechanic,Textile,Textile waste,Recycled fabric,Recycled fabric,Textile recycling,
Mechanic,Textile,Textile waste,Recycled fabric,Recycled fabric,Upcycling,
Mechanic,Textile,Textile waste,Textile fibers,Textile fibers,Yarn,
Mechanic,Textile,Textile waste,Textile fibers,Textile fibers,Fabric production,
Mechanic,Textile,Textile waste,Textile dyes,Textile dyes,Coloring,
Mechanic,Textile,Textile waste,Textile dyes,Textile dyes,Printing,
Mechanic,Electronics,E-waste,Old cell phones,Recovered metals,Metal recycling,
Mechanic,Electronics,E-waste,Old cell phones,Recovered metals,Electronic parts,
Organic,Vegetable,Celery,Celery leaves,Celery leaf pesto,Culinary use,
Organic,Vegetable,Celery,Celery leaves,Celery leaf pesto,Sauce,
Organic,Fruit,Mango,Mango Seeds,Mango Seed Extract,Nutritional supplement,
Organic,Vegetable,Celery,Celery leaves,Celery leaf tea,Natural remedy,
Organic,Fruit,Mango,Mango pits,Mango pit scrub,Cosmetic exfoliant,
Organic,Vegetable,Potato,Potato Peels,Potato Peel Extract,Nutritional supplement,
Organic,Fruit,Mango,Mango pits,Mango pit fire starter,Fuel,
Organic,Fruit,Mango,Mango pits,Mango pit fire starter,Firewood alternative,
Organic,Fruit,Avocado,Avocado pits,Avocado pit ink,Ink,
Organic,Fruit,Avocado,Avocado pits,Avocado pit ink,Art supplies,
Organic,Vegetable,Onion,Onion Skins,Onion Skin Powder,Nutritional supplement,
Organic,Fruit,Mango,Mango seeds,Mango seed butter,Skincare,
Organic,Fruit,Guava,Guava peels,Guava peel tea,Health,
Organic,Fruit,Guava,Guava peels,Compost,Soil amendment,
Organic,Fruit,Guava,Guava peels,Natural dye,Textile coloring,
Organic,Vegetable,Cucumber,Cucumber Peels,Cucumber Peel Extract,Skincare,
Organic,Vegetable,Squash,Squash seeds,Squash seed oil,Cooking,
Organic,Fruit,Apple,Apple Cores,Apple Seed Oil,Skincare,
Organic,Fruit,Mango,Mango Seeds,Mango Seed Oil,Skincare,
Organic,Fruit,Passionfruit,Passionfruit husks,Passionfruit husk mulch,Soil amendment,
Organic,Fruit,Passionfruit,Passionfruit husks,Passionfruit husk mulch,Gardening,
Organic,Fruit,Passionfruit,Passionfruit husks,Pet bedding,Animal care,
Organic,Fruit,Passionfruit,Passionfruit husks,Biodegradable packaging,Sustainable packaging,
Organic,Vegetable,Artichoke,Artichoke stems,Artichoke stem soup,Culinary,
Organic,Vegetable,Artichoke,Artichoke stems,Artichoke stem soup,Cooking,
Organic,Vegetable,Artichoke,Artichoke stems,Compost,Soil amendment,
Organic,Vegetable,Cucumber,Cucumber Peels,Cucumber Peel Extract,Skincare,
Organic,Vegetable,Bell Pepper,Bell Pepper Seeds,Bell Pepper Seed Oil,Skincare,
Organic,Fruit,Persimmon,Persimmon leaves,Persimmon leaf tea,Health,
Organic,Fruit,Persimmon,Persimmon leaves,Natural dye,Textile coloring,
Organic,Fruit,Persimmon,Persimmon leaves,Compost,Soil amendment,
Organic,Vegetable,Zucchini,Zucchini blossoms,Zucchini flower fritters,Snack,
Organic,Vegetable,Zucchini,Zucchini blossoms,Zucchini flower fritters,Culinary,
Organic,Vegetable,Zucchini,Zucchini blossoms,Edible garnish,Culinary,
Organic,Vegetable,Zucchini,Zucchini blossoms,Edible garnish,Decoration,
Organic,Vegetable,Zucchini,Zucchini blossoms,Infused oil,Culinary,
Organic,Vegetable,Zucchini,Zucchini blossoms,Infused oil,Aromatherapy,
Organic,Grains,Wheat,Wheat Bran,Wheat Bran Oil,Skincare,
Organic,Fruit,Papaya,Papaya seeds,Papaya seed face mask,Beauty treatment,
Organic,Fruit,Mango,Mango Seeds,Mango Seed Butter,Skincare,
Organic,Fruit,Papaya,Papaya seeds,Digestive aid,Health,
Organic,Vegetable,Okra,Okra pods,Okra pod pickles,Food preservation,
Organic,Vegetable,Okra,Okra pods,Okra pod pickles,Culinary,
Organic,Vegetable,Okra,Okra pods,Compost,Soil amendment,
Organic,Vegetable,Okra,Okra pods,Hydrogel,Agriculture,
Organic,Fruit,Lychee,Lychee peels,Lychee peel jam,Spread,
Organic,Fruit,Lychee,Lychee peels,Lychee peel jam,Cooking,
Organic,Fruit,Lychee,Lychee peels,Natural dye,Textile coloring,
Organic,Organic,Fruit,Lychee,Lychee peels,Bioethanol,
Organic,Vegetable,Bok choy,Bok choy stalks,Bok choy stem stir-fry,Culinary,
Organic,Vegetable,Bok choy,Bok choy stalks,Bok choy stem stir-fry,Cooking,
Organic,Vegetable,Bok choy,Bok choy stalks,Compost,Soil amendment,
Organic,Vegetable,Bok choy,Bok choy stalks,Pickling,Food preservation,
Organic,Vegetable,Bok choy,Bok choy stalks,Pickling,Cooking,
Organic,Vegetable,Bok choy,Bok choy stalks,Pickling,Culinary,
Organic,Fruit,Papaya,Papaya Seeds,Papaya Seed Oil,Skincare,
Organic,Fruit,Kiwi,Kiwi Skins,Kiwi Skin Extract,Skincare,
Organic,Vegetable,Zucchini,Zucchini Seeds,Zucchini Seed Extract,Skincare,
Organic,Fruit,Pomegranate,Pomegranate peels,Pomegranate peel tea,Health,
Organic,Fruit,Pomegranate,Pomegranate peels,Potpourri,Fragrance,
Organic,Vegetable,Jicama,Jicama skin,Jicama skin salad,Culinary,
Organic,Vegetable,Jicama,Jicama skin,Jicama skin salad,Cooking,
Organic,Fruit,Guava,Guava Seeds,Guava Seed Oil,Skincare,
Organic,Vegetable,Jicama,Jicama skin,Facial scrub,Beauty treatment,
Organic,Vegetable,Jicama,Jicama skin,Compost,Soil amendment,
Mechanical,Wood,Sawdust,Sawdust,Sawdust briquettes,Fuel,
Mechanical,Wood,Sawdust,Sawdust,Compost,Soil amendment,
Mechanical,Wood,Sawdust,Sawdust,Particleboard,Construction,
Mechanical,Concrete,Pavers,Concrete paver scraps,Concrete stepping stones,Landscaping,
Mechanical,Concrete,Pavers,Concrete paver scraps,Recycled aggregate,Construction,
Mechanical,Concrete,Pavers,Concrete paver scraps,Drainage material,Infrastructure,
Mechanical,Leather,Belts,Leather belt scraps,Leather keychains,Accessories,
Organic,Fruit,Lychee,Lychee Skins,Lychee Skin Extract,Skincare,
Mechanical,Leather,Belts,Leather belt scraps,Leather bookmarks,Stationery,
Organic,Vegetable,Pumpkin,Pumpkin Seeds,Pumpkin Seed Butter,Skincare,
Mechanical,Ceramic,Porcelain,Porcelain shards,Mosaic tiles,Decoration,
Mechanical,Ceramic,Porcelain,Porcelain shards,Filler material,Manufacturing,
Organic,Vegetable,Bell pepper,Bell pepper cores,Bell pepper core salsa,Dip,
Organic,Vegetable,Bell pepper,Bell pepper cores,Bell pepper core soup,Soup,
Organic,Vegetable,Celery,Celery tops,Celery top pesto,Sauce,
Organic,Vegetable,Celery,Celery tops,Celery top broth,Cooking base,
Organic,Vegetable,Radish,Radish leaves,Radish leaf pesto,Sauce,
Organic,Vegetable,Radish,Radish leaves,Radish leaf chips,Snack,
Organic,Vegetable,Leek,Leek greens,Leek green soup,Soup,
Organic,Vegetable,Leek,Leek greens,Leek green broth,Cooking base,
Organic,Vegetable,Asparagus,Asparagus ends,Asparagus end broth,Cooking base,
Organic,Vegetable,Asparagus,Asparagus ends,Asparagus end chips,Snack,
Organic,Fruit,Peach,Peach Skins,Peach Skin Extract,Skincare,
Organic,Vegetable,Kale,Kale stems,Kale stem chips,Snack,
Organic,Vegetable,Brussels Sprouts,Brussels sprouts stems,Brussels sprout stem chips,Snack,
Organic,Vegetable,Brussels Sprouts,Brussels sprouts stems,Brussels sprout stem soup,Soup,
Organic,Vegetable,Turnip,Turnip tops,Turnip top salad,Salad,
Organic,Vegetable,Turnip,Turnip tops,Turnip top chips,Snack,
Organic,Vegetable,Spinach,Spinach roots,Spinach root chips,Snack,
Organic,Vegetable,Spinach,Spinach roots,Spinach root soup,Soup,
Organic,Fruit,Plum,Plum Pits,Plum Pit Oil,Skincare,
Organic,Vegetable,Artichoke,Artichoke leaves,Artichoke leaf chips,Snack,
Organic,Vegetable,Garlic,Garlic skins,Garlic skin powder,Seasoning,
Organic,Vegetable,Garlic,Garlic skins,Garlic skin broth,Cooking base,
Organic,Fruit,Mango,Mango peels,Mango peel jam,Spread,
Organic,Fruit,Mango,Mango peels,Mango peel chips,Snack,
Organic,Fruit,Papaya,Papaya seeds,Papaya seed face mask,Skincare,
Organic,Fruit,Pineapple,Pineapple cores,Pineapple core jam,Spread,
Organic,Vegetable,Carrot,Carrot tops,Carrot top pesto,Sauce,
Organic,Vegetable,Carrot,Carrot tops,Carrot top chips,Snack,
Organic,Vegetable,Beet,Beet greens,Beet green chips,Snack,
Organic,Fruit,Pomegranate,Pomegranate peels,Pomegranate peel powder,Skincare,
Organic,Vegetable,Cauliflower,Cauliflower leaves,Cauliflower leaf wraps,Food packaging,
Organic,Vegetable,Cauliflower,Cauliflower leaves,Cauliflower leaf soup,Soup,
Organic,Vegetable,Broccoli,Broccoli stalks,Broccoli stalk pesto,Sauce,
Organic,Vegetable,Broccoli,Broccoli stalks,Broccoli stalk chips,Snack,
Organic,Vegetable,Broccoli,Broccoli leaves,Broccoli leaf stir-fry,Stir-fry,
Organic,Vegetable,Broccoli,Broccoli leaves,Broccoli leaf chips,Snack,
Organic,Vegetable,Tomato,Tomato vines,Tomato vine pesto,Sauce,
Organic,Vegetable,Tomato,Tomato vines,Tomato vine pesto,Dip,
Organic,Vegetable,Jicama,Jicama skin,Facial scrub,Skincare,
Organic,Vegetable,Tomato,Tomato vines,Tomato vine tea,Marinade,
Organic,Vegetable,Cauliflower,Cauliflower stems,Cauliflower stem rice,Side dish,
Organic,Vegetable,Cauliflower,Cauliflower stems,Cauliflower stem rice,Stir-fry,
Organic,Vegetable,Cauliflower,Cauliflower stems,Cauliflower stem curry,Main course,
Organic,Vegetable,Cauliflower,Cauliflower stems,Cauliflower stem curry,Soup,
Organic,Vegetable,Bell Pepper,Bell pepper seeds,Bell pepper seed seasoning,Seasoning,
Organic,Vegetable,Bell Pepper,Bell pepper seeds,Bell pepper seed seasoning,Rub,
Organic,Vegetable,Bell Pepper,Bell pepper seeds,Bell pepper seed oil,Culinary ingredient,
Organic,Vegetable,Bell Pepper,Bell pepper seeds,Bell pepper seed oil,Skincare,
Organic,Vegetable,Cucumber,Cucumber peels,Cucumber peel face mask,Skincare,
Organic,Fruit,Avocado,Avocado seeds,Avocado seed oil,Skincare,
Organic,Vegetable,Cucumber,Cucumber peels,Cucumber peel pickles,Condiment,
Organic,Vegetable,Cucumber,Cucumber peels,Cucumber peel pickles,Sandwich topping,
Organic,Vegetable,Beetroot,Beetroot peels,Beetroot peel dye,Textile dyeing,
Organic,Vegetable,Beetroot,Beetroot peels,Beetroot peel dye,Easter egg coloring,
Organic,Vegetable,Beetroot,Beetroot peels,Beetroot peel chips,Snack,
Organic,Vegetable,Beetroot,Beetroot peels,Beetroot peel chips,Garnish for dishes,
Organic,Vegetable,Radish,Radish tops,Radish top pesto,Sauce,
Organic,Vegetable,Radish,Radish tops,Radish top pesto,Dip,
Organic,Vegetable,Radish,Radish tops,Radish top salad,Salad,
Organic,Vegetable,Turnip,Turnip peels,Turnip peel soup,Soup,
Organic,Vegetable,Turnip,Turnip peels,Turnip peel chips,Snack,
Organic,Fruit,Strawberry,Peel,Compost,Soil Amendment,
Organic,Vegetable,Spinach,Spinach stalks,Spinach stalk smoothie,Base for green smoothies,
Organic,Vegetable,Spinach,Spinach stalks,Spinach stalk soup,Soup,
Organic,Vegetable,Kale,Kale stems,Kale stem salad,Salad,
Organic,Vegetable,Kale,Kale stems,Kale stem salad,Coleslaw,
Organic,Vegetable,Kale,Kale stems,Kale stem chips,Snack,
Organic,Vegetable,Broccoli,Broccoli stems,Broccoli stem slaw,Side dish,
Organic,Vegetable,Broccoli,Broccoli stems,Broccoli stem slaw,Coleslaw,
Organic,Vegetable,Broccoli,Broccoli stems,Broccoli stem soup,Soup,
Organic,Vegetable,Leek,Leek greens,Leek green omelette,Breakfast,
Organic,Vegetable,Leek,Leek greens,Leek green omelette,Quiche,
Organic,Vegetable,Leek,Leek greens,Leek green soup,Soup,
Organic,Vegetable,Asparagus,Asparagus ends,Asparagus end quiche,Main course,
Organic,Vegetable,Asparagus,Asparagus ends,Asparagus end quiche,Breakfast,
Organic,Vegetable,Asparagus,Asparagus ends,Asparagus end broth,Cooking base,
Organic,Vegetable,Asparagus,Asparagus ends,Asparagus end broth,Soup,
Organic,Food,Eggs,Eggshells,Calcium supplement,Soil amendment,
Organic,Food,Eggs,Eggshells,Calcium supplement,Garden fertilizer,
Organic,Food,Eggs,Eggshells,Abrasive cleaner,Household cleaning,
Organic,Food,Eggs,Eggshells,Abrasive cleaner,Scouring agent,
Organic,Animal,Fish,Fish Scraps,Fish emulsion,Organic fertilizer,
Organic,Animal,Fish,Fish Scraps,Fish emulsion,Plant nutrient source,
Organic,Fruit,Strawberry,Peel,Flavoring Extract,Culinary,
Organic,Animal,Fish,Fish Scraps,Fish oil,Omega-3 source,
Organic,Animal,Meat,Meat Trimmings,Bone broth,Cooking base,
Organic,Animal,Meat,Meat Trimmings,Bone broth,Soup stock,
Organic,Fruit,Strawberry,Peel,Dye,Textile Dyeing,
Organic,Animal,Meat,Meat Trimmings,Pet food,Reducing food waste,
Organic,Food,Nuts,Nut Shells,Walnut shell powder,Abrasive cleaner,
Organic,Food,Nuts,Nut Shells,Walnut shell powder,Cosmetic ingredient,
Organic,Food,Nuts,Nut Shells,Nut shell mulch,Gardening,
Organic,Food,Nuts,Nut Shells,Nut shell mulch,Soil moisture retention,
Organic,Food,Nuts,Nut Shells,Fire starters,Fireplace accessory,
Organic,Food,Nuts,Nut Shells,Fire starters,BBQ grill starter,
Organic,Fruit,Strawberry,Peel ,Puree,Culinary,
Organic,Herbs,Tea,Tea Bags,Used tea leaves,Plant fertilizer,
Organic,Herbs,Tea,Tea Bags,Tea leaf mulch,Gardening,
Organic,Herbs,Tea,Tea Bags,Tea leaf mulch,Soil enrichment,
Organic,Fruit,Strawberry,Pulp,Jam,Culinary,
Organic,Fruit,Strawberry,Pulp,Juice,Beverage,
Organic,Fruit,Strawberry, Pulp,Flavoring Extract,Culinary,
Organic,Fruit,Strawberry,Trim,Compost,Soil Amendment,
Organic,Fruit,Strawberry,Trim,Animal Feed,Livestock Feed,
Organic,Fruit,Strawberry,Trim,Biomass,Bioenergy,
Organic,Fruit,Strawberry,Stems,Compost,Soil Amendment,
Organic,Fruit,Strawberry,Stems,Tea,Beverage,
Organic,Fruit,Strawberry,Stems,Flavoring,Culinary,
Organic,Fruit,Kiwi,Peel,Jam,Culinary,
Organic,Fruit,Kiwi,Peel,Preserves,Culinary,
Organic,Fruit,Kiwi,Pulp,Puree,Culinary,
Organic,Fruit,Kiwi,Seeds,Extract,Dietary,
Organic,Fruit,Kiwi,Seeds,Oil,Cooking,
Organic,Fruit,Kiwi,Stems,Flavoring,Culinary,
Organic,Fruit,Kiwi,Leaves,Tea,Beverage,
Organic,Fruit,Kiwi,Leaves,Flavoring,Culinary,
Organic,Fruit,Kiwi,Trimmings,Compost,Soil Amendment,
Organic,Fruit,Peach,Seed,Oil,Cooking,
Organic,Fruit,Peach,Seed,Extract,Dietary,
Organic,Fruit,Peach,Leaves,Flavoring,Culinary,
Organic,Fruit,Peach,Leaves,Tea,Beverage,
Organic,Beverage ,Coffee ,Coffee Grounds,Biochar,Soil amendment,
Organic,Beverage ,Coffee ,Coffee Grounds,Biochar,Water Filtration,
Organic,Beverage ,Coffee ,Coffee Grounds,Mushroom Cultivation,Agriculture,
Organic,Beverage ,Coffee ,Coffee Grounds,Compost,Soil amendment,
Organic,Beverage ,Coffee ,Coffee Grounds,Caffeine,Pharmaceuticals,
Organic,Vegetable,Tomatoes,Tomato skins,Lycopene,Dietary supplements,
Organic,Vegetable,Tomatoes,Tomato skins,Natural dyes,Cosmestics ,
Organic,Vegetable,Tomatoes,Tomato skins,Natural dyes,Food coloring,
Organic,Vegetable,Carrots,Peels,Pectin,Thickening agents,
Organic,Vegetable,Carrots,Peels,Natural dyes,Textile Industry ,
Organic,Vegetable,Carrots,Peels,Natural dyes,Food coloring,
Organic,Grains,Wheat,Bran,Fiber supplements,Dietary supplements,
Organic,Grains,Wheat,Bran,Animal feed,Livestock nutrition,
Organic,Grains,Rice,Husks ,Bio-char,Soil amendments ,
Organic,Grains,Rice,Husks ,Bio-char ,Carbon sequestration,
Organic,Grains,Rice,Husks,Silica,Industrial applications ,
Organic,Dairy,Milk,Whey,Protein supplements,Sports nutrition,
Organic,Dairy,Milk,Whey ,Protein supplements ,Food Additives,
Organic,Dairy,Milk,Whey,Lactose,Food and pharmaceutical industries,
Organic,Meat,Bones,Bone meal,Animal feed,Livestock nutrition,
Organic,Meat,Bones,Bone meal,Fertilizer,Soil enrichment,
Organic,Meat,Fat,Rendered fat,Biofuel,Renewable energy source,
Organic,Meat,Fat,Rendered fat,Soap,Cleaning products,
Organic,Seafood,Fish,Fish scales,Collagen,Cosmetics,
Organic,Seafood,Fish ,Fish scales,Collagen ,Pharmaceuticals ,
Organic,Seafood,Fish,Fish scales,Bio-plastics,Sustainable packaging,
Organic,Fruit,Grapes,Grape skins,Resveratrol,Nutritional supplements,
Organic,Fruit,Grapes,Grape skins,Natural dyes,Food coloring,
Organic,Fruit,Pineapples,Pineapple cores,Bromelain,Medical Uses ,
Organic,Fruit,Pineapples,Pineapple cores,Bromelain,Dietary supplements,
Organic,Fruit,Pineapples,Pineapple leaves,Natural fibers,Textiles,
Organic,Fruit,Avocados,Avocado pits,Avocado oil,"Cosmetics, culinary uses",
Organic,Fruit,Avocados,Avocado pits ,Avocado oil,Culinary uses,
Organic,Fruit,Avocados,Avocado skins,Natural dyes,Textile industry,
Organic,Vegetable,Cucumbers,Cucumber peels,Natural dyes,Food coloring,
Organic,Vegetable,Cucumbers,Cucumber peels,Animal feed,Livestock nutrition,
Organic,Vegetable,Lettuce,Lettuce leaves,Compost,Soil amendment,
Organic,Vegetable,Lettuce,Lettuce leaves,Animal feed,Livestock nutrition,
Organic,Vegetable,Peppers,Pepper seeds,Pepper oil,Natural pesticides,
Organic,Vegetable,Peppers,Pepper skins,Natural dyes,Cosmetics,
Organic,Grains,Barley,Barley husks,Bioethanol,Renewable fuel,
Organic,Grains,Barley,Barley husks,Animal feed,Livestock nutrition,
Organic,Grains,Corn,Corn cobs,Biofuel,Renewable energy source,
Organic,Grains,Corn,Corn husks,Natural fibers,Biodegradable composites,
Organic,Grains,Corn,Corn husks ,Natural fibers,Textiles,
Organic,Grains,Oats,Oat hulls,Biofuel,Renewable energy source,
Organic,Grains,Oats,Oat hulls,Animal feed,Livestock nutrition,
Organic,Dairy,Cheese,Whey,Whey protein,Dietary supplements,
Organic,Dairy,Cheese,Whey,Lactose,Food products ,
Organic,Hides ,Leather,Leather scraps,Gelatin,Pharmaceuticals,
Organic,Hides ,Leather,Leather scraps,Gelatin,Cosmetics ,
Organic,Hides ,Leather,Leather scraps,Bio-composites,Sustainable materials,
Organic,Seafood,Shellfish,Shellfish shells,Chitosan,Water purification,
Organic,Seafood,Shellfish,Shellfish shells,Chitosan,Medical Applications,
Organic,Seafood,Shellfish,Shellfish shells,Calcium carbonate,Food additives,
Organic,Grains,Sorghum,Sorghum husks,Biofuel,Renewable energy source,
Organic,Grains,Sorghum,Sorghum husks,Animal feed,Livestock nutrition,
Organic,Dairy,Butter,Butter whey,Lactose,Food and pharmaceutical industries,
Organic,Dairy,Butter,Butter whey,Protein supplements,Sports nutrition,
Organic,Meat,Fish,Fish bones,Hydroxyapatite,Bone grafting materials,
Organic,Meat,Fish,Fish bones,Calcium supplements,Dietary supplements,
Organic,Seafood,Crabs,Crab shells,Chitin,Biomedical materials,
Organic,Seafood,Crabs,Crab shells,Calcium carbonate,Industrial applications,
Organic,Beverage,Tea,Tea leaves,Compost,Soil amendment,
Organic,Beverage,Tea,Tea leaves,Natural dyes,"Food coloring, textiles",
Mechanical,Glass,Tempered glass,Glass shards,Glass shards,Abrasives,
Mechanical,Glass,Broken,Broken glass,Aggregate,Construction,
Mechanical,Plastic,Plastic Packaging Waste,PVC Pipes,Recycled PVC,Construction,
Mechanical,Leather,Belts,Leather belt scraps,Leather patchwork,Crafts,
Mechanical,Ceramic,Porcelain,Porcelain shards,Porcelain jewelry,Crafts,
Mechanical,Rubber,Used tires,Tire particules,Fuel,Energy,
Mechanic ,Electronics,Batteries,Lithium,Industrial applications,Ceramics ,
Mechanic,Plastic,Bottles,PET plastic,Pellets,New plastic products,
Mechanic,Plastic,Bottles,PET plastic,Polyester fibers,Textile manufacturing,
Mechanic,Paper,Newspapers,Recycled paper,Paper products,Stationery,
Mechanic,Paper,Newspapers,Recycled paper,Insulation material,Building ,
Mechanic,Metal,Cans ,Aluminum,Recycled aluminum,Construction Materials ,
Mechanic,Metal,Cans,Aluminum,Recycled aluminum,New cans,
Mechanic,Metal,Cans,Aluminum,Aluminum sheets,Automotive industry,
Mechanic,Glass,Bottles,Glass shards,Recycled glass,New glass products,
Mechanic,Glass,Bottles,Glass shards,Glassphalt,Road construction,
Mechanic,Textile,Cloth waste ,Cotton fabric,Recycled fibers,Textile manufacturing,
Mechanic,Textile,Cloth waste ,Cotton fabric,Insulation material,Building and construction,
Mechanic,Wood,Pallets,Wood chips,Particleboard,"Furniture, construction",
Mechanic,Wood,Pallets,Wood chips,Mulch,Landscaping,
Mechanic,Electronics,Devices,Circuit boards,Reclaimed metals,Electronics manufacturing,
Mechanic,Electronics,Devices,Circuit boards,Reclaimed plastics,New electronic casings,
Mechanic,Paper,Cardboard,Recycled cardboard,Paper products,"Packaging, stationery",
Mechanic,Paper,Cardboard,Recycled cardboard,Insulation material,Building and construction,
Mechanic,Metal,Electronics,Copper wiring,Recycled copper,New electrical components,
Mechanic,Metal,Electronics,Copper wiring,Alloy production,Industrial manufacturing,
Mechanic,Glass,Windows,Broken glass,Recycled glass,New glass products,
Mechanic,Glass,Windows,Broken glass,Glass fiber,composite materials,
Mechanic,Wood,Furniture,Wood offcuts,Particleboard,Furniture,
Mechanic,Wood,Furniture,Wood offcuts,Biochar,Soil amendment,
Mechanic,Electronics,Batteries,Lithium,Reclaimed lithium,Battery production,
Mechanic,Electronics,Batteries,Lithium,Industrial applications,Glass,
Mechanic,Plastic,Bags,HDPE plastic,Recycled pellets,New plastic products,
Mechanic,Plastic,Bags,HDPE plastic,Composite materials,"Construction, automotive industries",
Mechanic,Paper,Magazines,Glossy paper,Recycled paper,Paper products,
Mechanic,Paper,Magazines,Glossy paper,Paperboard,Packaging,
Mechanic,Metal,Pipes,Steel,Recycled steel,Construction materials,
Mechanic,Metal,Pipes,Steel,Alloy production,Industrial applications,
Mechanic,Glass,Light bulbs,Glass shards,Recycled glass,New glass products,
Mechanic,Glass,Light bulbs,Glass shards,Glassphalt,Road construction,
Mechanic,Wood,Branches,Wood chips,Particleboard,Furniture,
Mechanic,Wood,Branches,Wood chips,Biochar,Soil amendment,
Organic,Fruit,Lemon,Lemon Peels,Pectin,Food industry,
Organic,Fruit,Lemon,Lemon Peels,Essential Oil,Cleaning products,
Organic,Fruit,Lemon,Lemon Peels,Animal Feed,Livestock nutrition,
Organic,Vegetable,Pumpkin,Pumpkin Seeds,Pumpkin Seed Oil,Cosmetics,
Organic,Vegetable,Pumpkin,Pumpkin Flesh,Puree,Baking,
Organic,Vegetable,Pumpkin,Pumpkin Skin,Biofuel,Energy production,
Organic,Fruit,Pomegranate,Pomegranate Peels,Natural Dye,Textile dyeing,
Organic,Fruit,Pomegranate,Pomegranate Seeds,Seed Oil,Cosmetics,
Organic,Fruit,Pomegranate,Pomegranate Seeds,Animal Feed,Livestock nutrition,
Organic,Fruit,Papaya,Papaya Seeds,Seed Oil,Cosmetics,
Organic,Fruit,Papaya,Papaya Skins,Animal Feed,Livestock nutrition,
Organic,Fruit,Papaya,Papaya Flesh,Puree,"Food products, baking",
Organic,Vegetable,Cabbage,Cabbage Leaves,Biofuel,Energy production,
Organic,Vegetable,Cabbage,Cabbage Core,Animal Feed,Livestock nutrition,
Organic,Vegetable,Cabbage,Cabbage Leaves,Compost,Soil enrichment,
Organic,Nut,Almond,Almond Shells,Activated Charcoal,Water filtration,
Organic,Nut,Almond,Almond Hulls,Animal Feed,Livestock nutrition,
Organic,Nut,Almond,Almond Hulls,Compost,Soil enrichment,
Organic,Vegetable,Soybean,Soybean Hulls,Animal Feed,Livestock nutrition,
Organic,Vegetable,Soybean,Soybean Hulls,Biofuel,Energy production,
Organic,Vegetable,Soybean,Soybean Meal,Protein Isolate,Food products,
Organic,Fruit,Peach,Peach Pits,Biofuel,Energy production,
Organic,Fruit,Peach,Peach Pits,Activated Charcoal,Water filtration,
Organic,Fruit,Peach,Peach Flesh,Puree,Food products,
Mechanic,Metal,Copper,Copper Wiring,Recycled Copper,Electrical components,
Mechanic,Metal,Copper,Copper Wiring,Copper Sheets,Manufacturing,
Mechanic,Metal,Copper,Copper Wiring,Copper Pipes,Plumbing,
Mechanic,Wood,Wooden Pallets,Wood,Biofuel,Energy production,
Mechanic,Rubber,Car Tires,Rubber,Crumb Rubber,Playground surfaces,
Mechanic,Rubber,Car Tires,Rubber,Rubber Mulch,Landscaping,
Mechanic,Rubber,Car Tires,Rubber,Recycled Rubber Products,Manufacturing new rubber products,
Organic,Spices,Cinnamon,Cinnamon Sticks,Essential Oil,Aromatherapy,
Organic,Spices,Cinnamon,Cinnamon Bark,Natural Dye,Textile dyeing,
Organic,Herbs,Mint,Mint Stems,Compost,Soil amendment,
Organic,Herbs,Mint,Mint Leaves,Essential Oil,Aromatherapy,
Organic,Vegetable,Olive,Olive Pits,Biochar,Soil amendment,
Organic,Vegetable,Olive,Olive Pomace,Olive Pomace Oil,Culinary,
Organic,Seeds,Sunflower,Sunflower Hulls,Biomass Pellets,Fuel,
Organic,Seeds,Sunflower,Sunflower Seeds,Sunflower Oil,Culinary,
Organic,Spices,Cloves,Clove Stems,Essential Oil,Flavoring,
Organic,Spices,Cloves,Clove Stems,Natural Dye,Textile dyeing,
Organic,Herbs,Basil,Basil Stems,Essential Oil,"Aromatherapy, culinary",
Organic,Herbs,Basil,Basil Leaves,Natural Dye,Textile dyeing,
Organic,Vegetable,Peas,Pea Pods,Animal Feed,Livestock nutrition,
Organic,Vegetable,Peas,Pea Pods,Biochar,Soil amendment,
Organic,Tubers,Yams,Yam Peels,Animal Feed,Livestock nutrition,
Organic,Tubers,Yams,Yam Peels,Biochar,Soil amendment,
Organic,Grains,Millet,Millet Husks,Biomass Pellets,Fuel,
Organic,Grains,Millet,Millet Bran,Animal Feed,Livestock nutrition,
Organic,Vegetable,Cassava,Cassava Peels,"Fiber, Biofuel",Paper production,
Organic,Vegetable,Cassava,Cassava Pulp,Animal Feed,Livestock farming,
Organic,Vegetable,Cassava,Wastewater,Nutrient-rich,Fertilization,
Mechanic,Plastic,Packaging Films,LDPE,Recycled Plastic,New plastic products,
Mechanic,Plastic,Packaging Films,LDPE,Plastic Lumber,Construction materials ,
Mechanic,Metal,Steel,Steel Cans,Recycled Steel,Manufacturing new steel products ,
Mechanic,Metal,Steel,Steel Cans,Steel Alloys,Manufacturing new steel products ,
Organic,Nuts,Walnuts,Walnut Shells,Abrasive Material,Cleaning and polishing,
Organic,Nuts,Walnuts,Walnut Shells,Biochar,Soil amendment,
Organic,Nuts,Pecans,Pecan Shells,Biochar,Soil amendment,
Organic,Nuts,Pecans,Pecan Shells,Animal Bedding,Livestock farming,
Organic,Nuts,Pistachios,Pistachio Shells,Biochar,Soil amendment,
Organic,Nuts,Pistachios,Pistachio Shells,Mulch,Landscaping,
Organic,Legumes,Peanuts,Peanut Shells,Biochar,Soil amendment,
Organic,Legumes,Peanuts,Peanut Shells,Animal Bedding,Livestock farming,
Organic,Legumes,Lentils,Lentil Hulls,Biochar,Soil amendment,
Organic,Legumes,Lentils,Lentil Hulls,Animal Feed,Livestock farming,
Mechanic,Rubber,Inner Tubes,Crumb Rubber,Rubber Mats,Industrial applications,
Mechanic,Rubber,Inner Tubes,Crumb Rubber,Playground Surfacing,Landscaping,
Mechanic,Textile,Nylon Fabric,Nylon Scraps,Recycled Nylon Fiber,Textile industry,
Mechanic,Textile,Nylon Fabric,Nylon Scraps,Insulation Material,Construction,
Mechanic,Textile,Silk,Silk Fabric,Recycled Silk Fiber,Textile industry,
Mechanic,Textile,Silk,Silk Fabric,Paper,Artisanal crafts,
Organic,Grain,Millet,Millet Stalks,Biochar,Soil amendment,
Organic,Grain,Millet,Millet Stalks,Silage,Animal feed,
Organic,Grain,Quinoa,Quinoa Husks,Animal Feed,Livestock farming,
Organic,Grain,Quinoa,Quinoa Husks,Biofuel,Energy generation,
Organic,Grain,Quinoa,Quinoa Stalks,Biochar,Soil amendment,
Organic,Grain,Quinoa,Quinoa Stalks,Silage,Animal feed,
Organic,Grain,Rye,Rye Straw,Straw Bale,Construction (building materials),
Organic,Grain,Rye,Rye Straw,Bioethanol,Energy generation,
Organic,Grain,Rye,Rye Bran,Animal Feed,Livestock farming,
Organic,Grain,Rye,Rye Bran,Dietary Fiber,Food supplements,
Organic,Grain,Buckwheat,Buckwheat Hulls,Animal Feed,Livestock farming,
Organic,Grain,Buckwheat,Buckwheat Hulls,Biofuel,Energy generation,
Organic,Grain,Buckwheat,Buckwheat Stalks,Biochar,Soil amendment,
Organic,Grain,Buckwheat,Buckwheat Stalks,Silage,Animal feed,
Organic,Grain,Spelt,Spelt Husks,Animal Feed,Livestock farming,
Organic,Grain,Spelt,Spelt Husks,Bioethanol,Energy generation,
Organic,Grain,Spelt,Spelt Straw,Straw Bale,Construction (building materials),
Organic,Grain,Spelt,Spelt Straw,Biochar,Soil amendment,
Organic,Grain,Amaranth,Amaranth Husks,Animal Feed,Livestock farming,
Organic,Grain,Amaranth,Amaranth Husks,Biofuel,Energy generation,
Organic,Grain,Amaranth,Amaranth Stalks,Biochar,Soil amendment,
Organic,Grain,Amaranth,Amaranth Stalks,Silage,Animal feed,
Mechanic,Textile,Canvas,Canvas Scraps,Recycled Canvas Fiber,Textile industry,
Mechanic,Textile,Canvas,Canvas Scraps,Insulation Material,Construction,
Mechanic,Textile,Canvas,Canvas Scraps,Paper,Artisanal crafts,
Mechanic,Textile,Rayon,Rayon Scraps,Recycled Rayon Fiber,Textile industry,
Mechanic,Textile,Rayon,Rayon Scraps,Insulation Material,Construction,
Mechanic,Textile,Rayon,Rayon Scraps,Mulch,Landscaping,
Mechanic,Textile,Lycra,Lycra Scraps,Recycled Lycra Fiber,Textile industry,
Mechanic,Textile,Lycra,Lycra Scraps,Insulation Material,Construction,
Mechanic,Textile,Lycra,Lycra Scraps,Rubberized Material,Manufacturing,
Mechanic,Textile,Fleece,Fleece Scraps,Recycled Fleece Fiber,Textile industry,
Mechanic,Textile,Fleece,Fleece Scraps,Insulation Material,Construction,
Mechanic,Textile,Fleece,Fleece Scraps,Stuffing Material,Upholstery,
Mechanic,Textile,Linen,Linen Scraps,Recycled Linen Fiber,Textile industry,
Mechanic,Textile,Linen,Linen Scraps,Insulation Material,Construction,
Mechanic,Textile,Linen,Linen Scraps,Paper,Artisanal crafts,
Mechanic,Textile,Hemp,Hemp Scraps,Recycled Hemp Fiber,Textile industry,
Mechanic,Textile,Hemp,Hemp Scraps,Insulation Material,Construction,
Mechanic,Textile,Hemp,Hemp Scraps,Mulch,Landscaping,
Mechanic,Textile,Jute,Jute Scraps,Recycled Jute Fiber,Textile industry,
Mechanic,Textile,Jute,Jute Scraps,Insulation Material,Construction,
Mechanic,Textile,Jute,Jute Scraps,Mulch,Landscaping,
Mechanic,Textile,Burlap,Burlap Scraps,Recycled Burlap Fiber,Textile industry,
Mechanic,Textile,Burlap,Burlap Scraps,Insulation Material,Construction,
Mechanic,Textile,Burlap,Burlap Scraps,Mulch,Landscaping,
Mechanic,Textile,Velvet,Velvet Scraps,Recycled Velvet Fiber,Textile industry,
Mechanic,Textile,Velvet,Velvet Scraps,Insulation Material,Construction,
Mechanic,Textile,Velvet,Velvet Scraps,Stuffing Material,Upholstery,
Mechanic,Textile,Tweed,Tweed Scraps,Recycled Tweed Fiber,Textile industry,
Mechanic,Textile,Tweed,Tweed Scraps,Insulation Material,Construction,
Mechanic,Textile,Tweed,Tweed Scraps,Stuffing Material,Upholstery,
Mechanic,Textile,Flannel,Flannel Scraps,Recycled Flannel Fiber,Textile industry,
Mechanic,Textile,Flannel,Flannel Scraps,Insulation Material,Construction,
Mechanic,Textile,Flannel,Flannel Scraps,Stuffing Material,Upholstery,
Mechanic,Metal,Brass Fixtures,Brass Scrap,Recycled Brass,Manufacturing new brass products,
Mechanic,Metal,Brass Fixtures,Brass Scrap,Brass Alloys,Manufacturing,
Mechanic,Metal,Lead Batteries,Lead Scrap,Recycled Lead,Battery production,
Mechanic,Metal,Lead Batteries,Lead Scrap,Lead Alloys,Manufacturing,
Mechanic,Metal,Zinc Sheets,Zinc Scrap,Recycled Zinc,Galvanizing steel,
Mechanic,Metal,Zinc Sheets,Zinc Scrap,Zinc Oxide,Rubber and paint industries,
Mechanic,Metal,Tin,Tin Cans,Recycled Tin,Manufacturing new tin products,
Mechanic,Metal,Tin,Tin Cans,Tin Scrap,Manufacturing,
Mechanic,Metal,Nickel Plating,Nickel Scrap,Recycled Nickel,Battery production,
Mechanic,Metal,Nickel Plating,Nickel Scrap,Nickel Alloys,Manufacturing,
Mechanic,Metal,Titanium Parts,Titanium Scrap,Recycled Titanium,Aerospace industry,
Mechanic,Metal,Titanium Parts,Titanium Scrap,Titanium Alloys,Manufacturing,
Mechanic,Metal,Steel,Stainless Steel,Stainless Scrap,Manufacturing new stainless steel products,
Mechanic,Metal,Iron,Iron Pipes,Iron Scrap,Recycled Iron,
Mechanic,Metal,Iron,Iron Pipes,Iron Scrap,Cast Iron Products,
Mechanic,Metal,Tantalum Capacitors,Tantalum Scrap,Recycled Tantalum,Electronics and aerospace,
Mechanic,Metal,Tantalum Capacitors,Tantalum Scrap,Tantalum Alloys,Manufacturing,
Mechanic,Metal,Gallium Electronics,Gallium Scrap,Recycled Gallium,Electronics and semiconductors,
Mechanic,Metal,Gallium Electronics,Gallium Scrap,Gallium Compounds,Pharmaceuticals and lighting,
Mechanic,Ceramics,Ceramic Tiles,Broken Ceramics,Recycled Ceramics,Construction materials,
Mechanic,Ceramics,Ceramic Tiles,Broken Ceramics,Ceramic Aggregate,Landscaping ,
Mechanic,Ceramics,Ceramic Dishes,Broken Ceramics,Recycled Ceramics,Construction materials,
Mechanic,Ceramics,Ceramic Dishes,Broken Ceramics,Ceramic Powder,Additive in concrete,
Mechanic,Ceramics,Porcelain,Porcelain Fixtures,Broken Porcelain,Construction materials,
Mechanic,Ceramics,Porcelain,Porcelain Fixtures,Porcelain Aggregate,Landscaping,
Mechanic,Electronics,Cables,Cable Scrap,Recycled Copper,Electrical components,
Mechanic,Electronics,Cables,Cable Scrap,Recycled Plastic,New plastic products,
Mechanic,Electronics,Cables,Cable Scrap,Recovered Aluminum,Manufacturing,
Organic,Nut,Walnut,Walnut Shells,Walnut Shell Flour,Abrasive materials,
Organic,Nut,Walnut,Walnut Shells,Animal Bedding,Livestock industry,
Organic,Nut,Walnut,Walnut Shells,Compost,Agriculture,
Organic,Nut,Cashew Shells,Cashew Shell,Cashew Nut Shell Liquid,Resin and coatings,
Organic,Nut,Cashew Shells,Cashew Shell,Biofuel,Energy production,
Organic,Nut,Cashew Shells,Cashew Shell,Compost,Agriculture,
Organic,Nut,Hazelnut Shells,Hazelnut Shell,Biomass Fuel,Energy production,
Organic,Nut,Hazelnut Shells,Hazelnut Shell,Animal Bedding,Livestock industry,
Organic,Nut,Hazelnut Shells,Hazelnut Shell,Mulch,Landscaping,
Organic,Nut,Pecan,Pecan Shells,Biomass Fuel,Energy production,
Organic,Nut,Pecan,Pecan Shells,Animal Bedding,Livestock industry,
Organic,Nut,Pecan,Pecan Shells,Mulch,Landscaping,
Organic,Nut,Macadamia Nut Shells,Macadamia Nut Shell,Biomass Fuel,Energy production,
Organic,Nut,Macadamia Nut Shells,Macadamia Nut Shell,Activated Carbon,Water and air purification,
Organic,Nut,Macadamia Nut Shells,Macadamia Nut Shell,Compost,Agriculture,
Organic,Nut,Chestnut Shells,Chestnut Shell,Biomass Fuel,Energy production,
Organic,Nut,Chestnut Shells,Chestnut Shell,Animal Bedding,Livestock industry,
Organic,Nut,Chestnut Shells,Chestnut Shell,Compost,Agriculture,
Organic,Fruit,Durian Shells,Durian Shell,Activated Carbon,Water and air purification,
Organic,Fruit,Durian Shells,Durian Shell,Biochar,Soil amendme,
Organic,Fruit,Jujube Seeds,Jujube Seed,Oil,"Cosmetics, cooking",
Organic,Fruit,Jujube Seeds,Jujube Seed,Animal Feed,Livestock feed,
Organic,Fruit,Jujube Seeds,Jujube Seed,Biofuel,Energy production,
Organic,Vegetable,Radish,Radish Leaves,Animal Feed,Livestock feed,
Organic,Vegetable,Radish,Radish Leaves,Biofuel,Energy production,
Organic,Vegetable,Radish,Radish Leaves,Compost,Agriculture,
Organic,Fruit,Mangosteen Rinds,Mangosteen Rind,Biochar,Soil amendment,
Organic,Fruit,Mangosteen Rinds,Mangosteen Rind,Natural Dye,"Textiles, food coloring",
Organic,Fruit,Mangosteen Rinds,Mangosteen Rind,Animal Feed,Livestock feed,
Organic,Vegetable,Kale,Kale Stems,Biofuel,Energy production,
Organic,Vegetable,Kale,Kale Stems,Animal Feed,Livestock feed,
Organic,Vegetable,Kale,Kale Stems,Compost,Agriculture,
Organic,Fruit,Passionfruit,Passion Fruit Seeds,Animal Feed,Livestock feed,
Organic,Fruit,Passionfruit,Passion Fruit Seeds,Biofuel,Energy production,
Mechanic,Metals,Construction debris,Rebar offcuts,Recycled steel,Construction materials,
Mechanic,Metals,Construction debris,Rebar offcuts,Recycled steel,Manufacturing new steel products,
Mechanic,Metals,Construction debris,Structural steel beams,Recycled steel,Building materials,
Mechanic,Metals,Construction debris,Structural steel beams,Recycled steel,Structural components,
Mechanic,Metals,Construction debris,Metal fasteners,Recycled metal alloys,New fasteners,
Mechanic,Metals,Construction debris,Metal fasteners,Recycled metal alloys,Manufacturing new products,
Mechanic,Metals,Construction debris,Aluminum siding,Recycled aluminum,Building materials,
Mechanic,Metals,Construction debris,Aluminum siding,Recycled aluminum,Manufacturing new aluminum products,
Mechanic,Metals,Construction debris,Galvanized steel,Recycled steel,Structural components,
Mechanic,Metals,Construction debris,Galvanized steel,Recycled steel,Manufacturing new steel products,
Mechanic,Plastic,Toys,PVC toys,Recycled PVC,New toys,
Mechanic,Plastic,,PVC toys,Recycled PVC,Plastic piping,
Mechanic,Plastic,Toys,PVC toys,Recycled PVC,Plastic flooring,
Mechanic,Plastic,Grocery bags,LDPE grocery bags,Recycled LDPE,New grocery bags,
Mechanic,Plastic,Grocery bags,LDPE grocery bags,Recycled LDPE,Plastic sheeting,
Mechanic,Plastic,Grocery bags,LDPE grocery bags,Recycled LDPE,Plastic packaging,
Mechanic,Plastic,Bubble wrap,LDPE bubble wrap,Recycled LDPE,New bubble wrap,
Mechanic,Plastic,Bubble wrap,LDPE bubble wrap,Recycled LDPE,Plastic sheeting,
Mechanic,Plastic,Bubble wrap,LDPE bubble wrap,Recycled LDPE,Packaging materials,
Mechanic,Plastic,Disposable cups,PP disposable cups,Recycled PP,New disposable cups,
Mechanic,Plastic,Disposable cups,PP disposable cups,Recycled PP,Consumer goods,
Mechanic,Plastic,Disposable cups,PP disposable cups,Recycled PP,Automotive parts,
Mechanic,Metal,Steel,Mill scale,Iron oxide,Pigment in paints,CLAUDE AI
Mechanic,Metal,Steel,Mill scale,Iron oxide,Raw material in steelmaking,
Organic,Conifer,Pine tree,Pine needles,Essential oils,Aromatherapy products,
Organic,Conifer,Pine tree,Pine needles,Essential oils,Natural cleaning agents,
Organic,Conifer ,Pine tree,Pine resin,Rosin,Adhesives in electronics,
Organic,Conifer,Pine tree,Pine resin,Rosin,Violin bow treatment,
Organic,Grass,Sugarcane,Bagasse,Cellulose fibers,Paper production,
Organic,Grass,Sugarcane,Bagasse,Cellulose fibers,Biodegradable packaging,
Organic,Grass,Sugarcane,Molasses,Ethanol,Biofuel production,
Organic,Grass,Sugarcane,Molasses,Ethanol,Alcoholic beverage ,
Organic,Flower,Sunflower ,Sunflower stalks ,Cellulose ,Paper Production,
Organic,Flower,Sunflower ,Sunflower stalks ,Biochar ,Soil amendment ,
Organic,Fungi,Oyster mushroom,Mycelium,Mycelium foam,Packaging material,
Organic,Fungi,Oyster mushroom,Mycelium,Mycelium foam,Insulation panels,
Organic,Root,Cassava,Cassava peels,Bioethanol,Fuel additive,
Organic,Root,Cassava,Cassava peels,Animal feed,Livestock nutrition,
Organic,Seed,Moringa,Seed cake,Flocculant,Water treatment,
Organic,Seed,Moringa,Seed cake,Fertilizer,Organic agriculture,
Organic,Cactus,Prickly pear,Cladodes,Mucilage,Natural water purifier,
Organic,Cactus,Prickly pear,Cladodes,Dietary fiber,Nutritional supplements,
Mechanic,Polymer,Kevlar vests,Aramid fibers,Recycled aramid,Reinforced concrete,
Mechanic,Polymer,Kevlar vests,Aramid fibers,Recycled aramid,Fire-resistant clothing,
Mechanic,Polymer,Kevlar vests,Aramid fibers,Recycled aramid,Fire-resistant clothing,
Mechanic,Textile,Cigarette filters,Cellulose acetate,Recycled plastic,Industrial pallets,
Mechanic,Textile,Cigarette filters,Cellulose acetate,Recycled plastic,Roofing tiles,
Mechanic,Paper,Cigarette filters,Cellulose fibers,Recycled paper,Packing material,
Mechanic,Paper,Cigarette filters,Cellulose fibers,Recycled paper,Insulation material,
Organic,Fruit,Durian,Durian rind,Cellulose,Biodegradable food packaging,
Organic,Fruit,Durian,Durian rind,Cellulose,Absorbent hydrogels,
Organic,Fruit,Durian,Durian seeds,Gum,Natural thickener,
Organic,Fruit,Durian,Durian seeds,Gum,Adhesive in paper industry,
Organic,Fruit,Avocado,Avocado seed,Bioplastic,Food Packaging ,
Organic,Fruit,Avocado,Avocado seed,Bioplastic,DIsposable cups ,
Organic,Vegetable,Garlic,Garlic skins,Allicin extract,Natural pesticide,
Organic,Vegetable,Garlic,Garlic skins,Allicin extract,Antimicrobial food preservative,
Organic,Nut,Cashew,Cashew nut shell liquid,Cardanol,Friction dust for automotive brakes,
Organic,Nut,Cashew,Cashew nut shell liquid,Cardanol,Epoxy resin hardener,
Organic,Fruit,Mango,Mango pits,Mango butter,Cosmetic moisturizer,
Organic,Fruit,Mango,Mango pits,Mango butter,Food industry emollient,
Organic,Insect,Silkworm,Silk cocoons,Sericin protein,Wound dressings,
Organic,Insect,Silkworm,Silk cocoons,Sericin protein,Cosmetic moisturizer,
Organic,Insect,Silkworm,Silkworm excrement,Organic fertilizer,Crop nutrition,
Organic,Insect,Silkworm,Silkworm excrement,Organic fertilizer,Mushroom cultivation,
Organic,Mollusk,Mussels,Mussel shells,Calcium carbonate,Poultry feed supplement,
Organic,Mollusk,Mussels,Byssus threads,Biopolymer,Surgical sutures,